{
  "label": {
    "meta": {
      "template_name": "PLACEHOLDER_LABEL_CONFIG",
      "units": "mm",
      "width_mm": 200,
      "height_mm": 70,
      "dpi_preview": 300,
      "language": "en-GB"
    },
    "brand_name": "{{BRAND_NAME}}",
    "product_name": "{{PRODUCT_NAME}}",
    "product_subtitle": "{{PRODUCT_SUBTITLE}}",
    "logo": {
      "path": "assets/{{LOGO_FILENAME}}",
      "alt_text": "{{LOGO_ALT_TEXT}}"
    },
    "ingredients": {
      "title": "Ingredients",
      "items": [
        "{{INGREDIENT_1}}",
        "{{INGREDIENT_2}}",
        "{{INGREDIENT_3}}"
      ]
    },
    "batch_details": {
      "title": "Batch",
      "batch_id": "{{BATCH_ID}}",
      "made_date": "{{MADE_DATE_DD_MM_YYYY}}",
      "best_before": "{{BEST_BEFORE_DD_MM_YYYY}}",
      "notes": "{{BATCH_NOTES}}"
    },
    "directions": {
      "title": "Directions",
      "effective_use_heading": "Directions for effective use",
      "items": [
        "{{DIRECTION_1}}",
        "{{DIRECTION_2}}",
        "{{DIRECTION_3}}"
      ]
    },
    "safety_cautions": {
      "title": "Caution",
      "items": [
        "{{CAUTION_1}}",
        "{{CAUTION_2}}",
        "{{CAUTION_3}}"
      ]
    },
    "footer": {
      "line_1": "{{FOOTER_LINE_1}}",
      "line_2": "{{FOOTER_LINE_2}}"
    }
  }
}