{
  "name": "{{LABEL_NAME}}",
  "size": {
    "width_mm": 200,
    "height_mm": 69
  },
  "assets": {
    "logo_path": "assets/{{LOGO_FILENAME}}"
  },
  "text": {
    "brand": "{{BRAND_NAME}}",
    "volume": "{{VOLUME_TEXT}}",
    "product_title": "{{PRODUCT_TITLE}}",
    "product_subtitle": "{{PRODUCT_SUBTITLE}}",
    "tagline": "{{TAGLINE}}",
    "feature_pill": "{{FEATURE_PILL}}",
    "disclaimer": [
      "{{DISCLAIMER_LINE_1}}",
      "{{DISCLAIMER_LINE_2}}",
      "{{DISCLAIMER_LINE_3}}"
    ]
  },
  "left": {
    "heading": "Ingredients",
    "ingredients": [
      "{{INGREDIENT_1}}",
      "{{INGREDIENT_2}}",
      "{{INGREDIENT_3}}",
      "{{INGREDIENT_4}}",
      "{{INGREDIENT_5}}",
      "{{INGREDIENT_6}}"
    ],
    "batch_heading": "Batch",
    "batch_fields": [
      {
        "label": "Batch:",
        "line": "{{BATCH_ID_LINE}}"
      },
      {
        "label": "Made:",
        "line": "{{MADE_DATE_LINE}}"
      },
      {
        "label": "Best before:",
        "line": "{{BEST_BEFORE_LINE}}"
      }
    ]
  },
  "right": {
    "heading": "Directions",
    "directions": [
      "{{DIRECTION_1}}",
      "{{DIRECTION_2}}",
      "{{DIRECTION_3}}",
      "{{DIRECTION_4}}",
      "{{DIRECTION_5}}"
    ],
    "caution_heading": "Caution",
    "caution": [
      "{{CAUTION_1}}",
      "{{CAUTION_2}}",
      "{{CAUTION_3}}",
      "{{CAUTION_4}}"
    ]
  },
  "theme": {
    "font_family": "Inter, system-ui, -apple-system, Segoe UI, Roboto, Arial, sans-serif",
    "accent": "#2f7f4c",
    "accent_soft": "#9ac3a9",
    "text": "#111111",
    "muted": "#3b3b3b",
    "border": "#bcd8c7",
    "panel_fill": "#f6faf7",
    "bg_top": "#fbfdfc",
    "bg_bottom": "#eef6f0",
    "grain_opacity": 0.06,
    "wrap_char_factor": 0.56,
    "corner_outer": 28,
    "corner_inner": 26,
    "stroke_outer": 3,
    "stroke_inner": 2
  }
}